<?xml version="1.0" encoding="UTF-8"?>
<root>
  <item name="com.github.johnkil.print.IPrint void setIconColor(int) 0">
    <annotation name="android.support.annotation.ColorRes" />
  </item>
  <item name="com.github.johnkil.print.IPrint void setIconSize(int) 0">
    <annotation name="android.support.annotation.DimenRes" />
  </item>
  <item name="com.github.johnkil.print.IPrint void setIconText(int) 0">
    <annotation name="android.support.annotation.StringRes" />
  </item>
  <item name="com.github.johnkil.print.PrintDrawable.Builder com.github.johnkil.print.PrintDrawable.Builder iconColor(int) 0">
    <annotation name="android.support.annotation.ColorRes" />
  </item>
  <item name="com.github.johnkil.print.PrintDrawable.Builder com.github.johnkil.print.PrintDrawable.Builder iconSize(int) 0">
    <annotation name="android.support.annotation.DimenRes" />
  </item>
  <item name="com.github.johnkil.print.PrintDrawable.Builder com.github.johnkil.print.PrintDrawable.Builder iconText(int) 0">
    <annotation name="android.support.annotation.StringRes" />
  </item>
</root>

